,real_ls,real_ls,real_ls,teoria_ls,real_lo,real_lo,real_lo,teoria_lo
,mean,p05,p95,mean,mean,p05,p95,mean
n,,,,,,,,
1,0.18128491667100627,-0.18533855106391411,0.5775432449079411,0.17032606623870197,0.5123733253772617,0.3378591749696363,0.7336427478907785,0.5126849417035367
2,0.29348581504317656,-0.01859078464219065,0.6267776947609089,0.2906091101253344,0.5846736436497622,0.4071044437769942,0.7797043449789479,0.5778801747980328
5,0.446980886392907,0.1847512942326074,0.7638031514366955,0.4463190659096289,0.6664816235445098,0.5220508036288083,0.819277684981043,0.6622773311591459
10,0.5517629557458315,0.3165118928306095,0.8553682454164843,0.5347234287068791,0.720433982489148,0.5891962578342471,0.8466374152730584,0.7101938358708931
20,0.6313605842417882,0.41335544978115235,0.873651712114534,0.610192515758412,0.768420272092136,0.654379852322152,0.9054379636258962,0.7510992250493616
50,0.730636932786373,0.5672129276955111,0.9187332894731047,0.6971136556268037,0.8198162755221036,0.7361005680036999,0.9711282495195336,0.7982118004502645
100,0.7950033279604459,0.6488638785189837,0.9582240428238682,0.755964332804155,0.8450256245477397,0.7785010155797105,0.9711282495195336,0.8301097595671169
200,0.8569372659478417,0.7282182664116923,0.9582240428238682,0.8103303237244832,0.8738666402108334,0.8085840402159067,0.9711282495195336,0.8595769507516422
500,0.9161569742585992,0.8081907046387161,0.9582240428238682,0.8767494099376918,0.9200034799714149,0.8599560830197038,0.9711282495195336,0.8955771022914953
1116,0.9582240428238683,0.9582240428238682,0.9582240428238682,0.9308271481925096,0.9711282495195338,0.9711282495195336,0.9711282495195336,0.9248880561618422
