,pbo,combinaciones,sharpe_is_campeona,sharpe_oos_campeona
global_ls_sharpe,0.16774891774891776,924.0,1.2365108576672843,0.3974486132858787
global_lo_sharpe,0.06385281385281386,924.0,1.0912861744701463,0.778029480319784
h1_q3_ls_sharpe,0.23593073593073594,924.0,0.8776070792397868,0.2663694319728074
h1_q3_ls_auc,0.4772727272727273,924.0,0.3910581083883689,0.11331803591442881
h1_q3_lo_sharpe,0.11580086580086581,924.0,0.8675852510264895,0.7160589724056377
h1_q3_lo_auc,0.6406926406926406,924.0,0.6076614689946571,0.529065454547532
h1_q5_ls_sharpe,0.06060606060606061,924.0,0.9693858878107214,0.6498095346147548
h1_q5_ls_auc,0.36147186147186144,924.0,0.17521357145071978,0.123803676852669
h1_q5_lo_sharpe,0.08116883116883117,924.0,0.8889156963451442,0.675278565149927
h1_q5_lo_auc,0.670995670995671,924.0,0.4062912968521169,0.4106664063381305
h3_q3_ls_sharpe,0.20454545454545456,924.0,0.9641090622974106,0.3591276110882452
h3_q3_ls_auc,0.28679653679653677,924.0,0.5379996405238885,0.2643101527616447
h3_q3_lo_sharpe,0.08116883116883117,924.0,0.9566915331872453,0.7313941505974934
h3_q3_lo_auc,0.2554112554112554,924.0,0.738908671064019,0.6689593713584646
h3_q5_ls_sharpe,0.3874458874458874,924.0,0.812189688160633,0.1982777840242801
h3_q5_ls_auc,0.32575757575757575,924.0,0.2690853404266184,0.1625177490968685
h3_q5_lo_sharpe,0.07034632034632035,924.0,0.9231261435130366,0.6745924677837519
h3_q5_lo_auc,0.5963203463203464,924.0,0.5013399107522117,0.44809152897699384
h6_q3_ls_sharpe,0.48484848484848486,924.0,0.9648429213613516,0.24096550537395386
h6_q3_ls_auc,0.2564935064935065,924.0,0.6566340268857916,0.40505891289178575
h6_q3_lo_sharpe,0.2597402597402597,924.0,0.949132178470246,0.7205856177474546
h6_q3_lo_auc,0.2554112554112554,924.0,0.7543829824541093,0.6834269927148299
h6_q5_ls_sharpe,0.13203463203463203,924.0,1.1692350134029732,0.5804674748593598
h6_q5_ls_auc,0.06818181818181818,924.0,0.6527930990385321,0.5405088033967838
h6_q5_lo_sharpe,0.1038961038961039,924.0,1.0872857461422778,0.8113920810663946
h6_q5_lo_auc,0.15800865800865802,924.0,0.734956872368899,0.721669072867784
