rep,max_sharpe_val_ls,max_sharpe_val_lo,pbo_ls,pbo_lo
0,0.6692525680668988,0.9982902983389385,0.36904761904761907,0.07575757575757576
1,1.0253247276304114,0.8756664697899211,0.20346320346320346,0.5422077922077922
2,0.9179678886435014,0.8897830651569497,0.5324675324675324,0.5010822510822511
3,0.8836507184900011,0.8740247359981848,0.3787878787878788,0.3333333333333333
4,0.7999646433853234,1.0333055168260066,0.3495670995670996,0.22294372294372294
5,0.7281122322014748,0.7996734879571029,0.18831168831168832,0.4491341991341991
6,0.7180980713200829,0.9345133144160864,0.49134199134199136,0.5378787878787878
7,0.7808966533593097,0.879874366546746,0.5108225108225108,0.6190476190476191
8,0.825931109871373,0.9697045934889847,0.5800865800865801,0.43398268398268397
9,0.910754858048526,0.9165227955294979,0.3203463203463203,0.5140692640692641
