h,1,1,3,3,6,6
q,3,5,3,5,3,5
rep,,,,,,
0,0.5120768675697303,0.5260868778935185,0.5088170873481328,0.5172003632711765,0.5189721677739896,0.5313089344172144
1,0.5048796180885301,0.5150319794077932,0.537620783082993,0.5274840061495735,0.5245699031993737,0.5321260302908752
2,0.5279385288065843,0.538561597282504,0.5331266520514685,0.5137185624752034,0.5429039539075252,0.5457371512861653
3,0.520820967869579,0.5293491504810475,0.5314356747604119,0.5385650168617337,0.5270531407377327,0.5470493771349827
4,0.5218249748294116,0.5249907882125289,0.5195297421542214,0.5289617325431462,0.5171515987726328,0.5287740468596346
5,0.520225982971932,0.5277179670922549,0.5149693453849375,0.5084442338449713,0.5027439402471751,0.5155441294446458
6,0.5183206710984489,0.5147840711805556,0.5279639293971767,0.524568073050982,0.5138381086313388,0.5298481089229337
7,0.519267041257782,0.516248161410108,0.5183173193488607,0.5146930908735867,0.5206140934881683,0.5312486858534755
8,0.5280002874283353,0.520281379605517,0.5198749174150881,0.5297359503632711,0.5297864641325125,0.5351267322472957
9,0.5193612248733777,0.5338914659288194,0.5267473384910402,0.5276720152561496,0.5273929537425216,0.5230872294071218
