,grupo,side,criterio,idx,id,sr_m,sr_ann,skew,kurt,T,T_eff,acf_significant,N,var_sr_m,sr0_m,dsr,dsr_T_eff,N_eff,sr0_m_N_eff,dsr_N_eff
global_ls,todas,ls,sharpe,1020,m16_h6_q5_d2_l1,0.2766154545341659,0.9582240428238682,-0.09744987881194342,3.4934666081307038,144,117.77746831608361,True,1116,0.0044630283593778755,0.21953775219251626,0.74486449802138,0.7240758690256142,464.19703366935784,0.20242997335379012,0.8039350971949141
global_lo,todas,lo,sharpe,1024,m16_h6_q5_d8_l1,0.2803405781388764,0.9711282495195336,-0.40646023827394695,3.9333609614525136,144,119.93850414927167,True,1116,0.0013111503995379213,0.11899278954665234,0.9626712548047572,0.9479923247796913,104.47786375455614,0.09218933795413181,0.981176896322727
h1_q3_ls_sharpe,h1_q3,ls,sharpe,90,m16_h1_q3_d2_l1,0.19218963159141783,0.6657644132085605,0.9373311272318221,11.349374770397013,144,144.0,True,186,0.003977435404148845,0.17291153921699834,0.5952018252967878,0.5952018252967878,,,
h1_q3_ls_auc,h1_q3,ls,auc,165,m28_h1_q3_d4_l50,0.03682104613455527,0.1275518453857747,1.076726160377425,10.52089241309621,144,130.3080234707493,True,186,0.003977435404148845,0.17291153921699834,0.04867137547486086,0.05745428192278199,,,
h1_q3_lo_sharpe,h1_q3,lo,sharpe,90,m16_h1_q3_d2_l1,0.22473388545467146,0.7785010155797105,0.09582199759720046,5.57680749898108,144,108.67764056020005,True,186,0.000854018920214046,0.08012280691043897,0.9553194460815111,0.9297746347414628,,,
h1_q3_lo_auc,h1_q3,lo,auc,165,m28_h1_q3_d4_l50,0.13102249190845416,0.45387522583944945,0.11035019242523456,6.990239852660778,144,108.18905081763444,True,186,0.000854018920214046,0.08012280691043897,0.7275023594409876,0.6998732060891684,,,
h1_q5_ls_sharpe,h1_q5,ls,sharpe,280,m16_h1_q5_d8_l1,0.24692354337373254,0.8553682454164843,3.442272535581112,24.231617701699882,144,144.0,False,186,0.0033121337422457506,0.15778886118432187,0.933348931374461,0.933348931374461,,,
h1_q5_ls_auc,h1_q5,ls,auc,351,m28_h1_q5_d4_l50,0.05163539715246158,0.17887026267412157,1.5130370341414032,12.438741917212955,144,144.0,True,186,0.0033121337422457506,0.15778886118432187,0.09397414530563686,0.09397414530563686,,,
h1_q5_lo_sharpe,h1_q5,lo,sharpe,276,m16_h1_q5_d2_l1,0.22902038194626526,0.7933498749995229,1.2721526604285953,12.335499662308512,144,111.9753518735397,True,186,0.0009214729423219155,0.08322689700140531,0.9701475362976838,0.951419555534205,,,
h1_q5_lo_auc,h1_q5,lo,auc,351,m28_h1_q5_d4_l50,0.10944863642093917,0.37914119820040026,0.8316768460209338,9.35382472892923,144,127.54389691645119,True,186,0.0009214729423219155,0.08322689700140531,0.627204205173577,0.6199000563121684,,,
h3_q3_ls_sharpe,h3_q3,ls,sharpe,500,m22_h3_q3_d4_l1,0.22294284091292343,0.7722966552898575,0.7995622692570017,6.701214491160524,144,144.0,True,186,0.005236846089459317,0.1984071479596157,0.6219312925263147,0.6219312925263147,,,
h3_q3_ls_auc,h3_q3,ls,auc,510,m24_h3_q3_d2_l1,0.07116600584331861,0.24652627578474287,0.6308994922131617,7.856149762137372,144,144.0,True,186,0.005236846089459317,0.1984071479596157,0.060581722338814495,0.060581722338814495,,,
h3_q3_lo_sharpe,h3_q3,lo,sharpe,500,m22_h3_q3_d4_l1,0.24264478438823328,0.840546189504031,-0.3269839088570923,5.416596511117029,144,116.95075527857557,True,186,0.0010794491178492357,0.09007898772284968,0.9559472567781453,0.937697600620599,,,
h3_q3_lo_auc,h3_q3,lo,auc,510,m24_h3_q3_d2_l1,0.166529228398071,0.5768741690614018,-0.17705140375480535,6.174942047052988,144,107.40051681817515,True,186,0.0010794491178492357,0.09007898772284968,0.8121167783786036,0.7775709644422618,,,
h3_q5_ls_sharpe,h3_q5,ls,sharpe,684,m22_h3_q5_d2_l1,0.16513841369811455,0.5720562456129252,0.9754738506089317,6.838785156890035,144,144.0,True,186,0.0030174604414551684,0.15060632172676558,0.5735358984481589,0.5735358984481589,,,
h3_q5_ls_auc,h3_q5,ls,auc,740,m31_h3_q5_d4_l1,0.0394954139916321,0.13681612739894702,0.8036437858953674,6.536629929014548,144,144.0,True,186,0.0030174604414551684,0.15060632172676558,0.08870183618513955,0.08870183618513955,,,
h3_q5_lo_sharpe,h3_q5,lo,sharpe,652,m16_h3_q5_d8_l1,0.2310325497819174,0.8003202288489337,-0.5102598361621232,4.961964396724245,144,142.8787043318187,True,186,0.0009799508258656708,0.08582712220800641,0.9457298341343423,0.9450324014526739,,,
h3_q5_lo_auc,h3_q5,lo,auc,740,m31_h3_q5_d4_l1,0.10139605325269893,0.35124623184126813,0.16636483525197363,5.653927947857864,144,120.33842819929751,True,186,0.0009799508258656708,0.08582712220800641,0.5740268989476959,0.5676904041289277,,,
h6_q3_ls_sharpe,h6_q3,ls,sharpe,872,m22_h6_q3_d4_l1,0.2006339780646368,0.695016487465221,0.18165006783409288,7.596694816943124,144,144.0,True,186,0.0043923922198385555,0.1817075471849411,0.5882373979264892,0.5882373979264892,,,
h6_q3_ls_auc,h6_q3,ls,auc,874,m22_h6_q3_d8_l1,0.19718161372131823,0.6830571465674873,-0.20275903101202836,4.4447023242974115,144,144.0,True,186,0.0043923922198385555,0.1817075471849411,0.5708736845685692,0.5708736845685692,,,
h6_q3_lo_sharpe,h6_q3,lo,sharpe,838,m16_h6_q3_d8_l1,0.24440316980695462,0.8466374152730584,-0.3751185614354909,3.6912005969458925,144,133.02838778590123,True,186,0.0008464194018129577,0.07976552245245484,0.967882338933641,0.9623091905713121,,,
h6_q3_lo_auc,h6_q3,lo,auc,874,m22_h6_q3_d8_l1,0.20289523324913972,0.7028497052020963,-0.3720748285165668,4.890294670271635,144,123.15746574279694,True,186,0.0008464194018129577,0.07976552245245484,0.9183545479034512,0.9012129250296028,,,
h6_q5_ls_sharpe,h6_q5,ls,sharpe,1020,m16_h6_q5_d2_l1,0.2766154545341659,0.9582240428238682,-0.09744987881194342,3.4934666081307038,144,117.77746831608361,True,186,0.005389161179333868,0.2012718301179567,0.8076095282269571,0.7838909170748181,,,
h6_q5_ls_auc,h6_q5,ls,auc,1106,m30_h6_q5_d4_l1,0.16271830997642772,0.563672760401829,0.6947054056096237,8.482753094119861,144,144.0,True,186,0.005389161179333868,0.2012718301179567,0.3168912507972197,0.3168912507972197,,,
h6_q5_lo_sharpe,h6_q5,lo,sharpe,1024,m16_h6_q5_d8_l1,0.2803405781388764,0.9711282495195336,-0.40646023827394695,3.9333609614525136,144,119.93850414927167,True,186,0.001583956954090456,0.1091174219631733,0.9707322159200811,0.9577536029869789,,,
h6_q5_lo_auc,h6_q5,lo,auc,1106,m30_h6_q5_d4_l1,0.2001016445920006,0.6931724302228702,0.15360832796786242,6.172574494016316,144,144.0,True,186,0.001583956954090456,0.1091174219631733,0.859202699917089,0.859202699917089,,,
