grupo,side,criterio,config,auc_val,sharpe_val,N_eff,dsr_val,dsr_bien_especificado,pbo,sharpe_ho,caida
"h=1, q=3",LS,sharpe,m16_h1_q3_d2_l1,0.528613683127572,0.6657644132085605,82.61654099887397,0.6775653204905017,True,0.23593073593073594,0.6064727820210699,0.05929163118749059
"h=1, q=3",LS,auc,m28_h1_q3_d4_l50,0.5498749989008476,0.1275518453857747,82.61654099887397,0.07444165807822219,False,0.4772727272727273,0.21870134150355947,-0.09114949611778478
"h=1, q=3",LO,sharpe,m16_h1_q3_d2_l1,0.528613683127572,0.7785010155797105,14.179692002221888,0.9793814574661017,True,0.11580086580086581,0.6911622910853684,0.0873387244943421
"h=1, q=3",LO,auc,m28_h1_q3_d4_l50,0.5498749989008476,0.45387522583944945,14.179692002221888,0.8294119339258078,False,0.6406926406926406,0.5359667752060435,-0.08209154936659407
"h=1, q=5",LS,sharpe,m16_h1_q5_d8_l1,0.5402741608796297,0.8553682454164843,61.7751616790838,0.9695934063441953,True,0.06060606060606061,0.6417849314557023,0.213583313960782
"h=1, q=5",LS,auc,m28_h1_q5_d4_l50,0.5838407351646894,0.17887026267412157,61.7751616790838,0.148822237051964,False,0.36147186147186144,0.33769284544188927,-0.1588225827677677
"h=1, q=5",LO,sharpe,m16_h1_q5_d2_l1,0.546619556568287,0.7933498749995229,16.79223350129466,0.9875626642176935,True,0.08116883116883117,0.7911340270584059,0.002215847941117066
"h=1, q=5",LO,auc,m28_h1_q5_d4_l50,0.5838407351646894,0.37914119820040026,16.79223350129466,0.7484818687192859,False,0.670995670995671,0.41036093042818844,-0.031219732227788177
"h=3, q=3",LS,sharpe,m22_h3_q3_d4_l1,0.5383743615741234,0.7722966552898575,78.01114944597859,0.720765208514092,True,0.20454545454545456,0.8203847332287925,-0.04808807793893499
"h=3, q=3",LS,auc,m24_h3_q3_d2_l1,0.5515894310528311,0.24652627578474287,78.01114944597859,0.09927649386245163,False,0.28679653679653677,0.5195568725801615,-0.27303059679541863
"h=3, q=3",LO,sharpe,m22_h3_q3_d4_l1,0.5383743615741234,0.840546189504031,11.574433212839567,0.9824609254120102,True,0.08116883116883117,0.8175687575378611,0.02297743196616997
"h=3, q=3",LO,auc,m24_h3_q3_d2_l1,0.5515894310528311,0.5768741690614018,11.574433212839567,0.903599376335901,False,0.2554112554112554,0.6387219398656091,-0.061847770804207336
"h=3, q=5",LS,sharpe,m22_h3_q5_d2_l1,0.5590017326671295,0.5720562456129252,60.7516018925092,0.67720035659565,True,0.3874458874458874,0.6047274071544774,-0.03267116154155214
"h=3, q=5",LS,auc,m31_h3_q5_d4_l1,0.5921822888253818,0.13681612739894702,60.7516018925092,0.13838963091936413,False,0.32575757575757575,0.40147774974808514,-0.26466162234913815
"h=3, q=5",LO,sharpe,m16_h3_q5_d8_l1,0.5363798105534616,0.8003202288489337,17.65723919068393,0.9722501900904816,True,0.07034632034632035,0.7696767469393556,0.030643481909578107
"h=3, q=5",LO,auc,m31_h3_q5_d4_l1,0.5921822888253818,0.35124623184126813,17.65723919068393,0.6995320032618622,False,0.5963203463203464,0.6173562834781433,-0.2661100516368752
"h=6, q=3",LS,sharpe,m22_h6_q3_d4_l1,0.5684151442911342,0.695016487465221,63.69541213959818,0.696778809778266,True,0.48484848484848486,-0.11975204781074668,0.8147685352759677
"h=6, q=3",LS,auc,m22_h6_q3_d8_l1,0.5692296927999014,0.6830571465674873,63.69541213959818,0.6789484614355326,False,0.2564935064935065,0.011270215676689578,0.6717869308907977
"h=6, q=3",LO,sharpe,m16_h6_q3_d8_l1,0.5447176661917099,0.8466374152730584,11.378874579846897,0.9864884409770689,True,0.2597402597402597,0.656492382693509,0.1901450325795494
"h=6, q=3",LO,auc,m22_h6_q3_d8_l1,0.5692296927999014,0.7028497052020963,11.378874579846897,0.9605718179278931,False,0.2554112554112554,0.46888250943662096,0.23396719576547537
"h=6, q=5",LS,sharpe,m16_h6_q5_d2_l1,0.5728552724367268,0.9582240428238682,58.300855086733904,0.8876077955518735,True,0.13203463203463203,0.5303571506696327,0.42786689215423546
"h=6, q=5",LS,auc,m30_h6_q5_d4_l1,0.6099543364409192,0.563672760401829,58.300855086733904,0.45736758765261426,False,0.06818181818181818,0.3478939626232173,0.2157787977786117
"h=6, q=5",LO,sharpe,m16_h6_q5_d8_l1,0.5612612652683608,0.9711282495195336,17.42452023173472,0.9889451062879716,True,0.1038961038961039,0.7930234881545963,0.17810476136493725
"h=6, q=5",LO,auc,m30_h6_q5_d4_l1,0.6099543364409192,0.6931724302228702,17.42452023173472,0.9334259044492855,False,0.15800865800865802,0.6191141864825174,0.07405824374035286
