estrategia,config,sharpe_train_is,sharpe_val,N_eff,dsr_val,dsr_val_T_eff,pbo,maxdd_val,turnover_val,ir_vs_1N_val
RF elegida (LS),m16_h6_q5_d2_l1,1.0673697673342166,0.9582240428238682,464.19703366935784,0.8039350971949141,0.7803360846107106,0.16774891774891776,0.17578084110610592,2.979845559917368,
RF elegida (LO),m16_h6_q5_d8_l1,0.9659886303882601,0.9711282495195336,104.47786375455614,0.981176896322727,0.9710037549233916,0.06385281385281386,0.48174686295747016,1.9810324375942212,1.0057747923007745
RF elegida (LO contra 1/N),m16_h6_q5_d8_l1,1.051863201787617,1.0057747923007745,524.2191576779252,0.8555693579055277,0.8555693579055277,0.16774891774891776,0.48174686295747016,1.9810324375942212,
Promedio de las configuraciones (LS),,0.7616089479384328,0.17032606623870197,,,,,,,
Promedio de las configuraciones (LO),,0.7379977535800161,0.5126849417035367,,,,,,,
Promedio de las configuraciones (LO contra 1/N),,0.7042991687176271,0.1793280233298949,,,,,,,
1/N,,,0.6272696891117538,,0.9793828886669135,,,0.5225976000941233,0.41199443797328916,
Risk parity,,,0.6942328994890462,,0.9873619811807725,,,0.4643460129765925,0.5196005550689357,-0.09124788646612848
Momentum 12-1,,,-0.14919079079353567,,0.2992290299641843,,,0.6683854024501329,6.050379047014297,
SPY,,,0.5955605196087221,,0.9716534896279725,,,0.5078480861036949,0.08333333333333333,-0.42331016036281643
