ticker_csv,ticker_yahoo,status,first,last,coverage,dollar_vol_2005
MSFT,MSFT,completa,2004-12-01,2025-12-31,1.0,1722146497.7861812
INTC,INTC,completa,2004-12-01,2025-12-31,1.0,1449938783.7145019
AAPL,AAPL,completa,2004-12-01,2025-12-31,1.0,1180316612.2082975
XOM,XOM,completa,2004-12-01,2025-12-31,1.0,1101596497.6333663
CSCO,CSCO,completa,2004-12-01,2025-12-31,1.0,1006744375.2937362
EBAY,EBAY,completa,2004-12-01,2025-12-31,1.0,862932671.4795128
PFE,PFE,completa,2004-12-01,2025-12-31,1.0,733928897.2496444
GE,GE,completa,2004-12-01,2025-12-31,1.0,701603587.0596762
C,C,completa,2004-12-01,2025-12-31,1.0,677161800.104014
VLO,VLO,completa,2004-12-01,2025-12-31,1.0,641513673.6457045
WMT,WMT,completa,2004-12-01,2025-12-31,1.0,634900337.9385426
AMGN,AMGN,completa,2004-12-01,2025-12-31,1.0,578001929.5334498
QCOM,QCOM,completa,2004-12-01,2025-12-31,1.0,573638931.9183728
AIG,AIG,completa,2004-12-01,2025-12-31,1.0,564164213.3953749
ORCL,ORCL,completa,2004-12-01,2025-12-31,1.0,538807181.7574856
IBM,IBM,completa,2004-12-01,2025-12-31,1.0,505515066.41432405
BAC,BAC,completa,2004-12-01,2025-12-31,1.0,502823058.75255644
MO,MO,completa,2004-12-01,2025-12-31,1.0,494471275.2609722
JNJ,JNJ,completa,2004-12-01,2025-12-31,1.0,493676408.47918195
CVX,CVX,completa,2004-12-01,2025-12-31,1.0,476757990.194687
PG,PG,completa,2004-12-01,2025-12-31,1.0,445542121.1355573
COP,COP,completa,2004-12-01,2025-12-31,1.0,442421343.10820895
AMAT,AMAT,completa,2004-12-01,2025-12-31,1.0,432901122.9666407
GS,GS,completa,2004-12-01,2025-12-31,1.0,418470745.3245375
JPM,JPM,completa,2004-12-01,2025-12-31,1.0,382190320.0836666
TXN,TXN,completa,2004-12-01,2025-12-31,1.0,376726664.73511744
SLB,SLB,completa,2004-12-01,2025-12-31,1.0,375362953.6995812
SYMC,GEN,completa,2004-12-01,2025-12-31,1.0,352151284.4721574
HAL,HAL,completa,2004-12-01,2025-12-31,1.0,321845437.61800283
MSI,MSI,completa,2004-12-01,2025-12-31,1.0,319290171.7483118
MS,MS,completa,2004-12-01,2025-12-31,1.0,313856779.3531887
HD,HD,completa,2004-12-01,2025-12-31,1.0,313296079.78058165
HPQ,HPQ,completa,2004-12-01,2025-12-31,1.0,304194412.0664181
MRK,MRK,completa,2004-12-01,2025-12-31,1.0,302283033.9974659
VZ,VZ,completa,2004-12-01,2025-12-31,1.0,301597922.5855448
JCI,JCI,completa,2004-12-01,2025-12-31,1.0,300962218.4435473
UNH,UNH,completa,2004-12-01,2025-12-31,1.0,292759594.57114995
CMCSA,CMCSA,completa,2004-12-01,2025-12-31,1.0,279682422.29481703
AXP,AXP,completa,2004-12-01,2025-12-31,1.0,276994013.8332568
T,T,completa,2004-12-01,2025-12-31,1.0,263392979.4164491
